Whisky Name,Link To Reddit Review,Reviewer Rating,Whisky Region or Style,Full Bottle Price Paid
 Michter's US1 Unblended American Whiskey,https://www.reddit.com/r/bourbon/comments/i2k6qk/michters_us1_unblended_american_whiskey/,40,America,
Abomination - The Crying of the Puma,https://www.reddit.com/r/worldwhisky/comments/7489rx/2_abominations_sidebyside_world_whisky_reviews_55/,82,America,
Abomination - The Sayers of the Law,https://www.reddit.com/r/worldwhisky/comments/7489rx/2_abominations_sidebyside_world_whisky_reviews_55/,86,America,
Abraham Bowman Vanilla Bean,https://www.reddit.com/r/bourbon/comments/3nnsre/bourbonit_review_73_abraham_bowman_vanilla_bean/,84,America,
Abraham Bowman Vanilla Bean,https://www.reddit.com/r/bourbon/comments/53wcg6/review_182_abraham_bowman_vanilla_bean_flavored/,69,America,70
American Snipe Bottled-In-Bond,https://www.reddit.com/r/bourbon/comments/fss62w/american_snipe/,86,America,
Backbone Elixir Spirits Famine,https://www.reddit.com/r/bourbon/comments/ehnfbg/reviews_191194_the_four_horseman_mgp_light/,10,America,
Backbone Elixir Spirits pick Conquest,https://www.reddit.com/r/bourbon/comments/ehnfbg/reviews_191194_the_four_horseman_mgp_light/,60,America,
Backbone Elixir Spirits pick Death,https://www.reddit.com/r/bourbon/comments/ehnfbg/reviews_191194_the_four_horseman_mgp_light/,10,America,
Backbone Elixir Spirits pick War,https://www.reddit.com/r/bourbon/comments/ehnfbg/reviews_191194_the_four_horseman_mgp_light/,60,America,
Bainbridge Battlepoint Organic Wheat Whiskey,https://www.reddit.com/r/bourbon/comments/7ucd0c/review_106_bainbridge_battlepoint_organic_wheat/,67,America,$75 
Balcones Baby Blue,http://www.reddit.com/r/Scotch/comments/2y2jb7/review_5_mystery_dram/,85,America,
Balcones Baby Blue,http://www.reddit.com/r/bourbon/comments/1omceh/balcones_review_baby_blue_texas_single_malt/,82,America,55
Balcones Baby Blue,http://www.reddit.com/r/bourbon/comments/2dg5n1/balcones_true_blue_baby_blue_reviews/,83,America,
Balcones Baby Blue,http://www.reddit.com/r/bourbon/comments/24ru4c/balcones_texas_single_malt_baby_blue_review/,70,America,
Balcones Baby Blue,http://www.reddit.com/r/bourbon/comments/1yf9yn/balcones_horizontal_single_malt_brimstone_baby/,83,America,55
Balcones Baby Blue,http://www.reddit.com/r/bourbon/comments/1klqzw/review_balcones_vertical_baby_blue_true_blue/,80,America,
Balcones Baby Blue,https://www.reddit.com/r/bourbon/comments/79039j/review_1_balcones_baby_blue/,72,America,
Balcones Brimstone,https://www.reddit.com/r/bourbon/comments/6yfnw1/review_44_throwboats_mystery_sample/,83,America,
Balcones Brimstone,https://www.reddit.com/r/bourbon/comments/435mb7/review_21_balcones_brimstone/,87,America,
Balcones Brimstone,http://www.reddit.com/r/bourbon/comments/2kx1p8/review_59_boss_hog_jefferson21_hw_mwnd_brimstone/,85,America,
Balcones Brimstone,http://www.reddit.com/r/bourbon/comments/1v2bw6/emoneysc2s_whisky_review_9_balcones_brimstone/,90,America,100
Balcones Brimstone,https://www.reddit.com/r/bourbon/comments/3rsfyd/mystery_sample_review_courtesy_of_anagama/,78,America,
Balcones Brimstone,http://www.reddit.com/r/bourbon/comments/1omceh/balcones_review_baby_blue_texas_single_malt/,93,America,65
Balcones Brimstone,http://www.reddit.com/r/worldwhisky/comments/2ajy3l/mystery_review_from_umentel42/,80,America,60
Balcones Brimstone,https://www.reddit.com/r/bourbon/comments/68pb6g/review_220_balcones_brimstone/,60,America,60
Balcones Brimstone,http://www.reddit.com/r/bourbon/comments/2943rg/hello_rbourbon_southerncharm_here_with_my_first/,90,America,50
Balcones Brimstone,http://www.reddit.com/r/bourbon/comments/1mkn1z/balcones_brimstone_a_review/,14,America,
Balcones Brimstone,http://www.reddit.com/r/bourbon/comments/2n880t/the_13_days_of_thanksgiving_mystery_sample_eye/,94,America,
Balcones Brimstone,http://www.reddit.com/r/bourbon/comments/1yf9yn/balcones_horizontal_single_malt_brimstone_baby/,80,America,50
Balcones Brimstone,http://www.reddit.com/r/bourbon/comments/1klqzw/review_balcones_vertical_baby_blue_true_blue/,80,America,
Balcones Brimstone,https://www.reddit.com/r/bourbon/comments/4j02ru/the_brizzy_session_balcones_brimstone_review_1/,48,America,
Balcones Brimstone,https://www.reddit.com/r/bourbon/comments/4oku7s/review_133_mystery_sample/,55,America,
Balcones Brimstone,https://www.reddit.com/r/bourbon/comments/4n12l5/network_review_129_mystery_whiskey/,65,America,
Balcones Brimstone,https://www.reddit.com/r/bourbon/comments/5v5vmk/secret_santa_series_day_7_balcones_brimstone/,75,America,
Balcones Brimstone,https://www.reddit.com/r/bourbon/comments/849vmb/reviews_39_40_balcones_rumble_cask_reserve/,84,America,
Balcones Brimstone,https://old.reddit.com/r/bourbon/comments/8veswg/review_43_balcones_brimstone/,85,America,
Balcones Brimstone,https://www.reddit.com/r/bourbon/comments/9l00ns/balcones_brimstone_review/?,84,America,
Balcones Fr.Oak,https://www.reddit.com/r/bourbon/comments/5jhwpc/bourbonit_reviews_116118_american_maltoff_froak/,67,America,
Balcones Fr.Oak,https://www.reddit.com/r/bourbon/comments/5isv5j/rbourbon_review_7_balcones_froak_malt_whisky/,90,America,100
Balcones Hechiceros,https://old.reddit.com/r/bourbon/comments/ew00ju/balcones_hechiceros_blind/,86,America,
Balcones Rumble,http://www.reddit.com/r/bourbon/comments/1pkd7m/review_balcones_rumble_cask_reserve/,93,America,70
Balcones Rumble,https://www.reddit.com/r/bourbon/comments/3i3d79/review_22_balcones_rumble/,73,America,
Balcones Rumble,https://www.reddit.com/r/bourbon/comments/3i3acw/review_21_balcones_rumble_new_make/,88,America,
Balcones Rumble,http://www.reddit.com/r/bourbon/comments/1klqzw/review_balcones_vertical_baby_blue_true_blue/,75,America,
Balcones Rumble,https://www.reddit.com/r/worldwhisky/comments/9fdw1l/review_14_balcones_rumble_done_blind/, ,America,
Balcones Rumble Cask Reserve,https://www.reddit.com/r/bourbon/comments/849vmb/reviews_39_40_balcones_rumble_cask_reserve/,79,America,
Balcones Single Malt,https://www.reddit.com/r/bourbon/comments/5j7bh1/review_238_mystery_sample/,65,America,
Balcones Single Malt,https://www.reddit.com/r/bourbon/comments/7bz0jc/american_whiskey_review_55_balcones_single_malt/,77,America,
